{
  "cam_hpr": [
    90.0,
    0.0,
    0.0
  ],
  "cam_pos": [
    3.6022071838378906,
    0.0,
    0.0
  ],
  "fixation_hpr": [
    359.86187744140625,
    0.0,
    -89.73712921142578
  ],
  "fixation_pos": [
    0.7386512160301208,
    1.5310906171798706,
    0.030479999259114265
  ]
}