{
  "cam_hpr": [
    90.0,
    0.0,
    0.0
  ],
  "cam_pos": [
    0.8877744674682617,
    0.0,
    0.0
  ],
  "fixation_hpr": [
    225.21421813964844,
    0.0,
    -90.0
  ],
  "fixation_pos": [
    -0.014271017163991928,
    -0.015246783383190632,
    0.028574999421834946
  ]
}