{
    "cam_hpr": [
        90.0,
        0.0,
        0.0
    ],
    "cam_pos": [
        2.3037445545196533,
        0.0,
        0.0
    ],
    "fixation_hpr": [
        236.4763946533203,
        0.0,
        -33.249542236328125
    ],
    "fixation_pos": [
        0.38408195972442627,
        0.445207804441452,
        0.028574999421834946
    ]
}