{"cam_hpr": [90.0, 0.0, 0.0], "cam_pos": [2.4403839111328125, 0.0, 0.0], "fixation_hpr": [360.08721923828125, 0.0, -90.0], "fixation_pos": [0.4971153438091278, 0.9921055436134338, 0.028574999421834946]}