{
  "cam_hpr": [
    90.0,
    0.0,
    0.0
  ],
  "cam_pos": [
    0.8877744674682617,
    0.0,
    0.0
  ],
  "fixation_hpr": [
    539.9400634765625,
    0.0,
    -90.0
  ],
  "fixation_pos": [
    -0.06284356117248535,
    0.9896487593650818,
    0.028574999421834946
  ]
}