{
    "cam_hpr": [
        90.0,
        0.0,
        0.0
    ],
    "cam_pos": [
        2.7021524906158447,
        0.0,
        0.0
    ],
    "fixation_hpr": [
        360,
        0.0,
        -90
    ],
    "fixation_pos": [
        0.4953,
        0.9906,
        0.028575
    ]
}
