{
    "cam_hpr": [
        90.0,
        0.0,
        0.0
    ],
    "cam_pos": [
        0.6356099247932434,
        0.0,
        0.0
    ],
    "fixation_hpr": [
        449.1177062988281,
        0.0,
        -8.975286483764648
    ],
    "fixation_pos": [
        0.49657145142555237,
        1.5977919101715088,
        0.028574999421834946
    ]
}